Model,Term,Formula,Coefficient,Hazard_Ratio,SE,Z_Score,P_Value,Lower_CI,Upper_CI,AIC,Log_Likelihood,C_Index,N_Observations,N_Events,Type
claude_35,C(adv_id)[T.p1],C(adv_id) + C(subject_cluster) + C(difficulty_level) + prompt_to_prompt_drift + context_to_prompt_drift + cumulative_drift,0.0820731132090371,1.0855351738883188,0.20576635292541856,0.39886556787437966,0.6899922611609617,,,5735.945235595632,-2847.972617797816,0.4763119186516881,4744,453,baseline
claude_35,C(adv_id)[T.p2],C(adv_id) + C(subject_cluster) + C(difficulty_level) + prompt_to_prompt_drift + context_to_prompt_drift + cumulative_drift,-0.35621029511610336,0.7003253297520302,0.2194663300560899,-1.6230749155237856,0.10457339116970506,,,5735.945235595632,-2847.972617797816,0.4763119186516881,4744,453,baseline
claude_35,C(adv_id)[T.p3],C(adv_id) + C(subject_cluster) + C(difficulty_level) + prompt_to_prompt_drift + context_to_prompt_drift + cumulative_drift,0.07484738363863638,1.0777196606798196,0.20552935057814334,0.3641688324713458,0.715731939439272,,,5735.945235595632,-2847.972617797816,0.4763119186516881,4744,453,baseline
claude_35,C(adv_id)[T.p4],C(adv_id) + C(subject_cluster) + C(difficulty_level) + prompt_to_prompt_drift + context_to_prompt_drift + cumulative_drift,0.10894271143458256,1.1150984661201244,0.20578044201276152,0.5294123696547725,0.5965194191634663,,,5735.945235595632,-2847.972617797816,0.4763119186516881,4744,453,baseline
claude_35,C(adv_id)[T.p5],C(adv_id) + C(subject_cluster) + C(difficulty_level) + prompt_to_prompt_drift + context_to_prompt_drift + cumulative_drift,-0.19701947527446004,0.8211746405554223,0.21435505812423347,-0.9191267843107006,0.3580292611088075,,,5735.945235595632,-2847.972617797816,0.4763119186516881,4744,453,baseline
claude_35,C(adv_id)[T.p6],C(adv_id) + C(subject_cluster) + C(difficulty_level) + prompt_to_prompt_drift + context_to_prompt_drift + cumulative_drift,0.2124276911309417,1.236676687639506,0.20353094489324905,1.0437120077360176,0.2966186526277267,,,5735.945235595632,-2847.972617797816,0.4763119186516881,4744,453,baseline
claude_35,C(adv_id)[T.p7],C(adv_id) + C(subject_cluster) + C(difficulty_level) + prompt_to_prompt_drift + context_to_prompt_drift + cumulative_drift,0.18475835052400583,1.2029277181499536,0.20395508871062612,0.9058776208626163,0.36500063069634037,,,5735.945235595632,-2847.972617797816,0.4763119186516881,4744,453,baseline
claude_35,C(adv_id)[T.p8],C(adv_id) + C(subject_cluster) + C(difficulty_level) + prompt_to_prompt_drift + context_to_prompt_drift + cumulative_drift,-0.11315412759698433,0.89301301155902,0.21146597287712274,-0.5350937839192463,0.5925850080918884,,,5735.945235595632,-2847.972617797816,0.4763119186516881,4744,453,baseline
claude_35,C(subject_cluster)[T.General_Knowledge],C(adv_id) + C(subject_cluster) + C(difficulty_level) + prompt_to_prompt_drift + context_to_prompt_drift + cumulative_drift,0.10645462133714415,1.112327449368092,0.15220888445257372,0.699398210032306,0.4843032061617054,,,5735.945235595632,-2847.972617797816,0.4763119186516881,4744,453,baseline
claude_35,C(subject_cluster)[T.Humanities],C(adv_id) + C(subject_cluster) + C(difficulty_level) + prompt_to_prompt_drift + context_to_prompt_drift + cumulative_drift,0.1395437438482791,1.149749099068191,0.15408728210737271,0.9056149342100848,0.36513970138756513,,,5735.945235595632,-2847.972617797816,0.4763119186516881,4744,453,baseline
claude_35,C(subject_cluster)[T.Law_Legal],C(adv_id) + C(subject_cluster) + C(difficulty_level) + prompt_to_prompt_drift + context_to_prompt_drift + cumulative_drift,0.1209392644266235,1.1285563667677636,0.14861035117137092,0.8138010809702055,0.41575891574538926,,,5735.945235595632,-2847.972617797816,0.4763119186516881,4744,453,baseline
claude_35,C(subject_cluster)[T.Medical_Health],C(adv_id) + C(subject_cluster) + C(difficulty_level) + prompt_to_prompt_drift + context_to_prompt_drift + cumulative_drift,0.10071380952082748,1.1059600812216872,0.14731790434931982,0.6836494855507527,0.49419652847405293,,,5735.945235595632,-2847.972617797816,0.4763119186516881,4744,453,baseline
claude_35,C(subject_cluster)[T.STEM],C(adv_id) + C(subject_cluster) + C(difficulty_level) + prompt_to_prompt_drift + context_to_prompt_drift + cumulative_drift,0.0589647294466203,1.0607378272702075,0.1577497779391945,0.37378644976190434,0.7085632015017183,,,5735.945235595632,-2847.972617797816,0.4763119186516881,4744,453,baseline
claude_35,C(subject_cluster)[T.Social_Sciences],C(adv_id) + C(subject_cluster) + C(difficulty_level) + prompt_to_prompt_drift + context_to_prompt_drift + cumulative_drift,0.043479490678802295,1.04443857336619,0.15914793029103938,0.2732017350102501,0.7846981463521047,,,5735.945235595632,-2847.972617797816,0.4763119186516881,4744,453,baseline
claude_35,C(difficulty_level)[T.elementary],C(adv_id) + C(subject_cluster) + C(difficulty_level) + prompt_to_prompt_drift + context_to_prompt_drift + cumulative_drift,-0.15333691809298844,0.8578406510812985,0.11998480761142771,-1.2779694458449435,0.20126019974029827,,,5735.945235595632,-2847.972617797816,0.4763119186516881,4744,453,baseline
claude_35,C(difficulty_level)[T.high_school],C(adv_id) + C(subject_cluster) + C(difficulty_level) + prompt_to_prompt_drift + context_to_prompt_drift + cumulative_drift,-0.0848554061273437,0.9186451052520506,0.12631882961632485,-0.6717557974933722,0.5017391731187744,,,5735.945235595632,-2847.972617797816,0.4763119186516881,4744,453,baseline
claude_35,C(difficulty_level)[T.professional],C(adv_id) + C(subject_cluster) + C(difficulty_level) + prompt_to_prompt_drift + context_to_prompt_drift + cumulative_drift,-0.010171647609383671,0.9898799086460703,0.11513134416557695,-0.08834820511393704,0.9295999265729591,,,5735.945235595632,-2847.972617797816,0.4763119186516881,4744,453,baseline
claude_35,prompt_to_prompt_drift,C(adv_id) + C(subject_cluster) + C(difficulty_level) + prompt_to_prompt_drift + context_to_prompt_drift + cumulative_drift,-0.8314201817696445,0.4354304566037877,3.2758267436719892,-0.25380468712996596,0.7996464521865178,,,5735.945235595632,-2847.972617797816,0.4763119186516881,4744,453,baseline
claude_35,context_to_prompt_drift,C(adv_id) + C(subject_cluster) + C(difficulty_level) + prompt_to_prompt_drift + context_to_prompt_drift + cumulative_drift,-0.5933687809053002,0.5524630194760886,0.8512690483651953,-0.697040238975944,0.4857776118910946,,,5735.945235595632,-2847.972617797816,0.4763119186516881,4744,453,baseline
claude_35,cumulative_drift,C(adv_id) + C(subject_cluster) + C(difficulty_level) + prompt_to_prompt_drift + context_to_prompt_drift + cumulative_drift,0.5815844579196996,1.7888705766020154,1.3850341269019817,0.41990622947362083,0.6745539567914964,,,5735.945235595632,-2847.972617797816,0.4763119186516881,4744,453,baseline
deepseek_r1,C(adv_id)[T.p1],C(adv_id) + C(subject_cluster) + C(difficulty_level) + prompt_to_prompt_drift + context_to_prompt_drift + cumulative_drift,0.06913438292104207,1.071580201550685,0.2299387421324965,0.3006643520786293,0.7636704545793005,,,4300.854606059524,-2130.427303029762,0.5352635462171419,4184,344,baseline
deepseek_r1,C(adv_id)[T.p2],C(adv_id) + C(subject_cluster) + C(difficulty_level) + prompt_to_prompt_drift + context_to_prompt_drift + cumulative_drift,0.008034880502315982,1.0080672467829843,0.23211187047719947,0.03461641356728998,0.9723856132096804,,,4300.854606059524,-2130.427303029762,0.5352635462171419,4184,344,baseline
deepseek_r1,C(adv_id)[T.p3],C(adv_id) + C(subject_cluster) + C(difficulty_level) + prompt_to_prompt_drift + context_to_prompt_drift + cumulative_drift,-0.18614464694207766,0.8301535071307103,0.23823562778374902,-0.781346806410688,0.43459854785578167,,,4300.854606059524,-2130.427303029762,0.5352635462171419,4184,344,baseline
deepseek_r1,C(adv_id)[T.p4],C(adv_id) + C(subject_cluster) + C(difficulty_level) + prompt_to_prompt_drift + context_to_prompt_drift + cumulative_drift,0.06627046767307397,1.068515677035891,0.2297581164823395,0.28843580669833657,0.7730131620241987,,,4300.854606059524,-2130.427303029762,0.5352635462171419,4184,344,baseline
deepseek_r1,C(adv_id)[T.p5],C(adv_id) + C(subject_cluster) + C(difficulty_level) + prompt_to_prompt_drift + context_to_prompt_drift + cumulative_drift,-0.15392383763415818,0.8573373153632022,0.23727847400969976,-0.6487054431573337,0.5165287854534744,,,4300.854606059524,-2130.427303029762,0.5352635462171419,4184,344,baseline
deepseek_r1,C(adv_id)[T.p6],C(adv_id) + C(subject_cluster) + C(difficulty_level) + prompt_to_prompt_drift + context_to_prompt_drift + cumulative_drift,0.0473871808432612,1.0485279004145758,0.23196558784211732,0.20428539113963026,0.8381304854379963,,,4300.854606059524,-2130.427303029762,0.5352635462171419,4184,344,baseline
deepseek_r1,C(adv_id)[T.p7],C(adv_id) + C(subject_cluster) + C(difficulty_level) + prompt_to_prompt_drift + context_to_prompt_drift + cumulative_drift,0.03107140097079818,1.0315591555822345,0.23216210572444992,0.13383493776403116,0.8935330993715511,,,4300.854606059524,-2130.427303029762,0.5352635462171419,4184,344,baseline
deepseek_r1,C(adv_id)[T.p8],C(adv_id) + C(subject_cluster) + C(difficulty_level) + prompt_to_prompt_drift + context_to_prompt_drift + cumulative_drift,0.12000553586255257,1.127503093264251,0.22829016138445749,0.52567108076311,0.59911676025856,,,4300.854606059524,-2130.427303029762,0.5352635462171419,4184,344,baseline
deepseek_r1,C(subject_cluster)[T.General_Knowledge],C(adv_id) + C(subject_cluster) + C(difficulty_level) + prompt_to_prompt_drift + context_to_prompt_drift + cumulative_drift,-0.22733469775827017,0.7966540993223735,0.18050719217070454,-1.2594218270443271,0.20787800967848136,,,4300.854606059524,-2130.427303029762,0.5352635462171419,4184,344,baseline
deepseek_r1,C(subject_cluster)[T.Humanities],C(adv_id) + C(subject_cluster) + C(difficulty_level) + prompt_to_prompt_drift + context_to_prompt_drift + cumulative_drift,0.003329056589723588,1.0033346040528437,0.1717388871137573,0.019384407606638735,0.9845344490001033,,,4300.854606059524,-2130.427303029762,0.5352635462171419,4184,344,baseline
deepseek_r1,C(subject_cluster)[T.Law_Legal],C(adv_id) + C(subject_cluster) + C(difficulty_level) + prompt_to_prompt_drift + context_to_prompt_drift + cumulative_drift,0.03985661999126907,1.0406615534323898,0.16715447741564607,0.23844183301271468,0.8115384248316558,,,4300.854606059524,-2130.427303029762,0.5352635462171419,4184,344,baseline
deepseek_r1,C(subject_cluster)[T.Medical_Health],C(adv_id) + C(subject_cluster) + C(difficulty_level) + prompt_to_prompt_drift + context_to_prompt_drift + cumulative_drift,-0.12307925783527744,0.8841935805144241,0.1650130773600234,-0.7458757802979742,0.4557424570986335,,,4300.854606059524,-2130.427303029762,0.5352635462171419,4184,344,baseline
deepseek_r1,C(subject_cluster)[T.STEM],C(adv_id) + C(subject_cluster) + C(difficulty_level) + prompt_to_prompt_drift + context_to_prompt_drift + cumulative_drift,-0.0001829209267243759,0.9998170958022883,0.17078244548555718,-0.001071075696359233,0.9991454054018227,,,4300.854606059524,-2130.427303029762,0.5352635462171419,4184,344,baseline
deepseek_r1,C(subject_cluster)[T.Social_Sciences],C(adv_id) + C(subject_cluster) + C(difficulty_level) + prompt_to_prompt_drift + context_to_prompt_drift + cumulative_drift,-0.09040561214378567,0.9135605588542668,0.17354631479896782,-0.5209307512436062,0.6024150124700914,,,4300.854606059524,-2130.427303029762,0.5352635462171419,4184,344,baseline
deepseek_r1,C(difficulty_level)[T.elementary],C(adv_id) + C(subject_cluster) + C(difficulty_level) + prompt_to_prompt_drift + context_to_prompt_drift + cumulative_drift,0.04733025393024125,1.048468212656926,0.1313134137807058,0.36043731228618475,0.7185201279124332,,,4300.854606059524,-2130.427303029762,0.5352635462171419,4184,344,baseline
deepseek_r1,C(difficulty_level)[T.high_school],C(adv_id) + C(subject_cluster) + C(difficulty_level) + prompt_to_prompt_drift + context_to_prompt_drift + cumulative_drift,-0.052672936484209475,0.9486902437133792,0.14221038992246735,-0.37038739935195025,0.7110938611373854,,,4300.854606059524,-2130.427303029762,0.5352635462171419,4184,344,baseline
deepseek_r1,C(difficulty_level)[T.professional],C(adv_id) + C(subject_cluster) + C(difficulty_level) + prompt_to_prompt_drift + context_to_prompt_drift + cumulative_drift,-0.06099922400390925,0.9408239698514491,0.136181206258589,-0.4479268885904879,0.6542059621011349,,,4300.854606059524,-2130.427303029762,0.5352635462171419,4184,344,baseline
deepseek_r1,prompt_to_prompt_drift,C(adv_id) + C(subject_cluster) + C(difficulty_level) + prompt_to_prompt_drift + context_to_prompt_drift + cumulative_drift,-1.4269395076230578,0.2400424472773489,4.920039031773646,-0.2900260543479173,0.7717963053421344,,,4300.854606059524,-2130.427303029762,0.5352635462171419,4184,344,baseline
deepseek_r1,context_to_prompt_drift,C(adv_id) + C(subject_cluster) + C(difficulty_level) + prompt_to_prompt_drift + context_to_prompt_drift + cumulative_drift,1.058900997409399,2.883200602524041,1.5137509021440467,0.6995212989862418,0.4842263070773366,,,4300.854606059524,-2130.427303029762,0.5352635462171419,4184,344,baseline
deepseek_r1,cumulative_drift,C(adv_id) + C(subject_cluster) + C(difficulty_level) + prompt_to_prompt_drift + context_to_prompt_drift + cumulative_drift,-1.7014670191035648,0.18241572031766978,2.74409300666577,-0.6200471394265694,0.5352267523052026,,,4300.854606059524,-2130.427303029762,0.5352635462171419,4184,344,baseline
gemini_25,C(adv_id)[T.p1],C(adv_id) + C(subject_cluster) + C(difficulty_level) + prompt_to_prompt_drift + context_to_prompt_drift + cumulative_drift,-0.2935380316455025,0.745620865136436,0.3483942638261543,-0.8425455356864757,0.39948266253185305,,,700.1274856229986,-330.0637428114993,0.7052703157700154,4808,52,baseline
gemini_25,C(adv_id)[T.p2],C(adv_id) + C(subject_cluster) + C(difficulty_level) + prompt_to_prompt_drift + context_to_prompt_drift + cumulative_drift,-0.1804457688473626,0.8348979569477807,0.3434595849329877,-0.5253770072614783,0.5993211340495467,,,700.1274856229986,-330.0637428114993,0.7052703157700154,4808,52,baseline
gemini_25,C(adv_id)[T.p3],C(adv_id) + C(subject_cluster) + C(difficulty_level) + prompt_to_prompt_drift + context_to_prompt_drift + cumulative_drift,0.1848788090223636,1.203072629744256,0.3194457908951034,0.5787486149193694,0.56275880780012,,,700.1274856229986,-330.0637428114993,0.7052703157700154,4808,52,baseline
gemini_25,C(adv_id)[T.p4],C(adv_id) + C(subject_cluster) + C(difficulty_level) + prompt_to_prompt_drift + context_to_prompt_drift + cumulative_drift,0.12497300135277015,1.1331178600044705,0.3258539083406516,0.38352463528570563,0.7013308077907805,,,700.1274856229986,-330.0637428114993,0.7052703157700154,4808,52,baseline
gemini_25,C(adv_id)[T.p5],C(adv_id) + C(subject_cluster) + C(difficulty_level) + prompt_to_prompt_drift + context_to_prompt_drift + cumulative_drift,0.012436270459325474,1.0125139224372477,0.3306066234120211,0.03761651938783657,0.9699934366766384,,,700.1274856229986,-330.0637428114993,0.7052703157700154,4808,52,baseline
gemini_25,C(adv_id)[T.p6],C(adv_id) + C(subject_cluster) + C(difficulty_level) + prompt_to_prompt_drift + context_to_prompt_drift + cumulative_drift,-0.06712961354721518,0.9350739952245395,0.3373117231340701,-0.19901357985276252,0.8422521218840464,,,700.1274856229986,-330.0637428114993,0.7052703157700154,4808,52,baseline
gemini_25,C(adv_id)[T.p7],C(adv_id) + C(subject_cluster) + C(difficulty_level) + prompt_to_prompt_drift + context_to_prompt_drift + cumulative_drift,0.09714687519891498,1.1020222214679891,0.32471578548222335,0.29917509262645103,0.7648064526565924,,,700.1274856229986,-330.0637428114993,0.7052703157700154,4808,52,baseline
gemini_25,C(adv_id)[T.p8],C(adv_id) + C(subject_cluster) + C(difficulty_level) + prompt_to_prompt_drift + context_to_prompt_drift + cumulative_drift,0.12046830133074948,1.1280249835081768,0.32599899049147507,0.3695358109825182,0.7117283857660339,,,700.1274856229986,-330.0637428114993,0.7052703157700154,4808,52,baseline
gemini_25,C(subject_cluster)[T.General_Knowledge],C(adv_id) + C(subject_cluster) + C(difficulty_level) + prompt_to_prompt_drift + context_to_prompt_drift + cumulative_drift,-0.13483019986678385,0.8738642813624709,0.2974120310582204,-0.4533448071587593,0.6503004728936217,,,700.1274856229986,-330.0637428114993,0.7052703157700154,4808,52,baseline
gemini_25,C(subject_cluster)[T.Humanities],C(adv_id) + C(subject_cluster) + C(difficulty_level) + prompt_to_prompt_drift + context_to_prompt_drift + cumulative_drift,0.07916942736629921,1.0823876926319578,0.2986992911480601,0.26504725559277037,0.7909730584614447,,,700.1274856229986,-330.0637428114993,0.7052703157700154,4808,52,baseline
gemini_25,C(subject_cluster)[T.Law_Legal],C(adv_id) + C(subject_cluster) + C(difficulty_level) + prompt_to_prompt_drift + context_to_prompt_drift + cumulative_drift,0.15155015617048398,1.16363666390495,0.2818601958484853,0.5376784604660892,0.590799052198802,,,700.1274856229986,-330.0637428114993,0.7052703157700154,4808,52,baseline
gemini_25,C(subject_cluster)[T.Medical_Health],C(adv_id) + C(subject_cluster) + C(difficulty_level) + prompt_to_prompt_drift + context_to_prompt_drift + cumulative_drift,-0.12159971858619503,0.8855027478640026,0.28310090103730995,-0.42952784021753915,0.667539137915682,,,700.1274856229986,-330.0637428114993,0.7052703157700154,4808,52,baseline
gemini_25,C(subject_cluster)[T.STEM],C(adv_id) + C(subject_cluster) + C(difficulty_level) + prompt_to_prompt_drift + context_to_prompt_drift + cumulative_drift,0.06435688223863813,1.0664729361028404,0.2964485121577267,0.2170929507124555,0.8281359074886518,,,700.1274856229986,-330.0637428114993,0.7052703157700154,4808,52,baseline
gemini_25,C(subject_cluster)[T.Social_Sciences],C(adv_id) + C(subject_cluster) + C(difficulty_level) + prompt_to_prompt_drift + context_to_prompt_drift + cumulative_drift,-0.2669092134717009,0.7657425874208528,0.31601560833214765,-0.8446076916275806,0.3983299131526358,,,700.1274856229986,-330.0637428114993,0.7052703157700154,4808,52,baseline
gemini_25,C(difficulty_level)[T.elementary],C(adv_id) + C(subject_cluster) + C(difficulty_level) + prompt_to_prompt_drift + context_to_prompt_drift + cumulative_drift,-0.07268445826471828,0.9298942041682772,0.23530425722847026,-0.3088956363171314,0.7574009163132444,,,700.1274856229986,-330.0637428114993,0.7052703157700154,4808,52,baseline
gemini_25,C(difficulty_level)[T.high_school],C(adv_id) + C(subject_cluster) + C(difficulty_level) + prompt_to_prompt_drift + context_to_prompt_drift + cumulative_drift,-0.08007061765040178,0.9230511603808749,0.25461984279024014,-0.31447123984113534,0.753163156591857,,,700.1274856229986,-330.0637428114993,0.7052703157700154,4808,52,baseline
gemini_25,C(difficulty_level)[T.professional],C(adv_id) + C(subject_cluster) + C(difficulty_level) + prompt_to_prompt_drift + context_to_prompt_drift + cumulative_drift,-0.01056622344281804,0.9894894030032276,0.23422006317702748,-0.04511237551341582,0.9640177372327484,,,700.1274856229986,-330.0637428114993,0.7052703157700154,4808,52,baseline
gemini_25,prompt_to_prompt_drift,C(adv_id) + C(subject_cluster) + C(difficulty_level) + prompt_to_prompt_drift + context_to_prompt_drift + cumulative_drift,3.1081930053944107,22.38056627735202,5.9000045000906916,0.5268119719818236,0.5983241682938105,,,700.1274856229986,-330.0637428114993,0.7052703157700154,4808,52,baseline
gemini_25,context_to_prompt_drift,C(adv_id) + C(subject_cluster) + C(difficulty_level) + prompt_to_prompt_drift + context_to_prompt_drift + cumulative_drift,0.5349099412332196,1.7072944784951638,1.1018021032665084,0.48548640418036426,0.6273313545991697,,,700.1274856229986,-330.0637428114993,0.7052703157700154,4808,52,baseline
gemini_25,cumulative_drift,C(adv_id) + C(subject_cluster) + C(difficulty_level) + prompt_to_prompt_drift + context_to_prompt_drift + cumulative_drift,0.30089335206919554,1.3510652455415635,3.064047542070629,0.09820126742088903,0.9217724760740795,,,700.1274856229986,-330.0637428114993,0.7052703157700154,4808,52,baseline
gpt_default,C(adv_id)[T.p1],C(adv_id) + C(subject_cluster) + C(difficulty_level) + prompt_to_prompt_drift + context_to_prompt_drift + cumulative_drift,0.25689291586525687,1.292906669554188,0.26515545625768006,0.9688388822578344,0.3326255833446763,,,1706.8609886220145,-833.4304943110072,0.5510516041987618,4376,134,baseline
gpt_default,C(adv_id)[T.p2],C(adv_id) + C(subject_cluster) + C(difficulty_level) + prompt_to_prompt_drift + context_to_prompt_drift + cumulative_drift,-0.19588056675922916,0.822110416126275,0.29429847479012633,-0.6655847159891599,0.5056765782917656,,,1706.8609886220145,-833.4304943110072,0.5510516041987618,4376,134,baseline
gpt_default,C(adv_id)[T.p3],C(adv_id) + C(subject_cluster) + C(difficulty_level) + prompt_to_prompt_drift + context_to_prompt_drift + cumulative_drift,0.2659463949617634,1.3046651201887631,0.26538818292421723,1.0021033794021854,0.31629366591441865,,,1706.8609886220145,-833.4304943110072,0.5510516041987618,4376,134,baseline
gpt_default,C(adv_id)[T.p4],C(adv_id) + C(subject_cluster) + C(difficulty_level) + prompt_to_prompt_drift + context_to_prompt_drift + cumulative_drift,-0.008189331369436345,0.9918441098553482,0.2823575814024976,-0.029003405287575914,0.9768618747114002,,,1706.8609886220145,-833.4304943110072,0.5510516041987618,4376,134,baseline
gpt_default,C(adv_id)[T.p5],C(adv_id) + C(subject_cluster) + C(difficulty_level) + prompt_to_prompt_drift + context_to_prompt_drift + cumulative_drift,0.2585339208531796,1.2950300776329595,0.2686256817986863,0.962431883363,0.3358327043631165,,,1706.8609886220145,-833.4304943110072,0.5510516041987618,4376,134,baseline
gpt_default,C(adv_id)[T.p6],C(adv_id) + C(subject_cluster) + C(difficulty_level) + prompt_to_prompt_drift + context_to_prompt_drift + cumulative_drift,-0.34214445283094275,0.7102456003109783,0.30234806099727535,-1.1316244321276663,0.2577923638649118,,,1706.8609886220145,-833.4304943110072,0.5510516041987618,4376,134,baseline
gpt_default,C(adv_id)[T.p7],C(adv_id) + C(subject_cluster) + C(difficulty_level) + prompt_to_prompt_drift + context_to_prompt_drift + cumulative_drift,-0.21449538989912606,0.8069485318374574,0.29336724897006233,-0.7311497471246866,0.4646876911328184,,,1706.8609886220145,-833.4304943110072,0.5510516041987618,4376,134,baseline
gpt_default,C(adv_id)[T.p8],C(adv_id) + C(subject_cluster) + C(difficulty_level) + prompt_to_prompt_drift + context_to_prompt_drift + cumulative_drift,-0.026868698605955386,0.9734890536030264,0.28267095904193623,-0.0950529148697204,0.9242727971580894,,,1706.8609886220145,-833.4304943110072,0.5510516041987618,4376,134,baseline
gpt_default,C(subject_cluster)[T.General_Knowledge],C(adv_id) + C(subject_cluster) + C(difficulty_level) + prompt_to_prompt_drift + context_to_prompt_drift + cumulative_drift,-0.08919008308189731,0.9146716934347269,0.24725612030675928,-0.36071941503912336,0.718309209446168,,,1706.8609886220145,-833.4304943110072,0.5510516041987618,4376,134,baseline
gpt_default,C(subject_cluster)[T.Humanities],C(adv_id) + C(subject_cluster) + C(difficulty_level) + prompt_to_prompt_drift + context_to_prompt_drift + cumulative_drift,0.36016245407901576,1.4335622836850663,0.2273801376792831,1.5839662063492128,0.11320140955557352,,,1706.8609886220145,-833.4304943110072,0.5510516041987618,4376,134,baseline
gpt_default,C(subject_cluster)[T.Law_Legal],C(adv_id) + C(subject_cluster) + C(difficulty_level) + prompt_to_prompt_drift + context_to_prompt_drift + cumulative_drift,0.1635830044799719,1.1777231074245118,0.24026252959639405,0.6808510871618951,0.4959657205637238,,,1706.8609886220145,-833.4304943110072,0.5510516041987618,4376,134,baseline
gpt_default,C(subject_cluster)[T.Medical_Health],C(adv_id) + C(subject_cluster) + C(difficulty_level) + prompt_to_prompt_drift + context_to_prompt_drift + cumulative_drift,0.22685681383822046,1.2546502065306233,0.21963257048860274,1.032892404498779,0.30165425369013865,,,1706.8609886220145,-833.4304943110072,0.5510516041987618,4376,134,baseline
gpt_default,C(subject_cluster)[T.STEM],C(adv_id) + C(subject_cluster) + C(difficulty_level) + prompt_to_prompt_drift + context_to_prompt_drift + cumulative_drift,-0.01978359142844826,0.9804108196557988,0.24783917469331274,-0.0798243112814161,0.9363769884124877,,,1706.8609886220145,-833.4304943110072,0.5510516041987618,4376,134,baseline
gpt_default,C(subject_cluster)[T.Social_Sciences],C(adv_id) + C(subject_cluster) + C(difficulty_level) + prompt_to_prompt_drift + context_to_prompt_drift + cumulative_drift,0.2381179954839997,1.2688589036125977,0.2330247963443888,1.0218568977186602,0.30684863516341127,,,1706.8609886220145,-833.4304943110072,0.5510516041987618,4376,134,baseline
gpt_default,C(difficulty_level)[T.elementary],C(adv_id) + C(subject_cluster) + C(difficulty_level) + prompt_to_prompt_drift + context_to_prompt_drift + cumulative_drift,-0.25960057327720437,0.7713596259272233,0.195640305880736,-1.326927864422064,0.18453254590978335,,,1706.8609886220145,-833.4304943110072,0.5510516041987618,4376,134,baseline
gpt_default,C(difficulty_level)[T.high_school],C(adv_id) + C(subject_cluster) + C(difficulty_level) + prompt_to_prompt_drift + context_to_prompt_drift + cumulative_drift,-0.16358886293985805,0.8490910429227279,0.20747703362689254,-0.788467330962718,0.43042340039009075,,,1706.8609886220145,-833.4304943110072,0.5510516041987618,4376,134,baseline
gpt_default,C(difficulty_level)[T.professional],C(adv_id) + C(subject_cluster) + C(difficulty_level) + prompt_to_prompt_drift + context_to_prompt_drift + cumulative_drift,0.16438579478361412,1.1786689517220454,0.17675995586278312,0.9299945453212551,0.3523739087181106,,,1706.8609886220145,-833.4304943110072,0.5510516041987618,4376,134,baseline
gpt_default,prompt_to_prompt_drift,C(adv_id) + C(subject_cluster) + C(difficulty_level) + prompt_to_prompt_drift + context_to_prompt_drift + cumulative_drift,-0.0034838205364593343,0.9965222409252478,5.122871387073375,-0.0006800523130934177,0.9994573968006676,,,1706.8609886220145,-833.4304943110072,0.5510516041987618,4376,134,baseline
gpt_default,context_to_prompt_drift,C(adv_id) + C(subject_cluster) + C(difficulty_level) + prompt_to_prompt_drift + context_to_prompt_drift + cumulative_drift,-1.1486241608377747,0.31707271047021096,1.5933192725602114,-0.7209001865596704,0.47097092807371255,,,1706.8609886220145,-833.4304943110072,0.5510516041987618,4376,134,baseline
gpt_default,cumulative_drift,C(adv_id) + C(subject_cluster) + C(difficulty_level) + prompt_to_prompt_drift + context_to_prompt_drift + cumulative_drift,0.3958156881795651,1.4855954795091126,2.8727134151620612,0.13778460673816834,0.8904106503596949,,,1706.8609886220145,-833.4304943110072,0.5510516041987618,4376,134,baseline
gpt_oss,C(adv_id)[T.p1],C(adv_id) + C(subject_cluster) + C(difficulty_level) + prompt_to_prompt_drift + context_to_prompt_drift + cumulative_drift,-0.3154244845584711,0.7294791559009686,0.30410577802426386,-1.0372196365611448,0.2996335085770976,,,1558.1612188858894,-759.0806094429447,0.3460544559891119,4328,122,baseline
gpt_oss,C(adv_id)[T.p2],C(adv_id) + C(subject_cluster) + C(difficulty_level) + prompt_to_prompt_drift + context_to_prompt_drift + cumulative_drift,-0.12760726157738236,0.8801989992376065,0.29774198717124717,-0.4285833610158203,0.6682264565080696,,,1558.1612188858894,-759.0806094429447,0.3460544559891119,4328,122,baseline
gpt_oss,C(adv_id)[T.p3],C(adv_id) + C(subject_cluster) + C(difficulty_level) + prompt_to_prompt_drift + context_to_prompt_drift + cumulative_drift,0.316654294285323,1.3725279991260688,0.27053777231639925,1.1704624148194345,0.24181493093075054,,,1558.1612188858894,-759.0806094429447,0.3460544559891119,4328,122,baseline
gpt_oss,C(adv_id)[T.p4],C(adv_id) + C(subject_cluster) + C(difficulty_level) + prompt_to_prompt_drift + context_to_prompt_drift + cumulative_drift,-0.1104967575662764,0.8953892334250254,0.2972295186908677,-0.3717556656315757,0.7100747752994829,,,1558.1612188858894,-759.0806094429447,0.3460544559891119,4328,122,baseline
gpt_oss,C(adv_id)[T.p5],C(adv_id) + C(subject_cluster) + C(difficulty_level) + prompt_to_prompt_drift + context_to_prompt_drift + cumulative_drift,-0.034980720308657606,0.9656240330114125,0.2943599453077107,-0.11883654983048161,0.9054048512698644,,,1558.1612188858894,-759.0806094429447,0.3460544559891119,4328,122,baseline
gpt_oss,C(adv_id)[T.p6],C(adv_id) + C(subject_cluster) + C(difficulty_level) + prompt_to_prompt_drift + context_to_prompt_drift + cumulative_drift,0.06975233517080533,1.0722425915886633,0.2860801818475503,0.24382092712726167,0.8073695118731337,,,1558.1612188858894,-759.0806094429447,0.3460544559891119,4328,122,baseline
gpt_oss,C(adv_id)[T.p7],C(adv_id) + C(subject_cluster) + C(difficulty_level) + prompt_to_prompt_drift + context_to_prompt_drift + cumulative_drift,-0.013357413634172297,0.9867314007321331,0.2894537420061931,-0.04614697167703744,0.9631931078777002,,,1558.1612188858894,-759.0806094429447,0.3460544559891119,4328,122,baseline
gpt_oss,C(adv_id)[T.p8],C(adv_id) + C(subject_cluster) + C(difficulty_level) + prompt_to_prompt_drift + context_to_prompt_drift + cumulative_drift,0.21347395678139772,1.237971257092184,0.27661874550475013,0.771726284825234,0.4402765594222323,,,1558.1612188858894,-759.0806094429447,0.3460544559891119,4328,122,baseline
gpt_oss,C(subject_cluster)[T.General_Knowledge],C(adv_id) + C(subject_cluster) + C(difficulty_level) + prompt_to_prompt_drift + context_to_prompt_drift + cumulative_drift,-0.06257485256902336,0.9393427479640065,0.2551084938219788,-0.24528721733855588,0.8062340485734505,,,1558.1612188858894,-759.0806094429447,0.3460544559891119,4328,122,baseline
gpt_oss,C(subject_cluster)[T.Humanities],C(adv_id) + C(subject_cluster) + C(difficulty_level) + prompt_to_prompt_drift + context_to_prompt_drift + cumulative_drift,0.21007405181717123,1.2337694194415134,0.23560552630601594,0.8916346535281044,0.3725887895739316,,,1558.1612188858894,-759.0806094429447,0.3460544559891119,4328,122,baseline
gpt_oss,C(subject_cluster)[T.Law_Legal],C(adv_id) + C(subject_cluster) + C(difficulty_level) + prompt_to_prompt_drift + context_to_prompt_drift + cumulative_drift,0.00347416590076386,1.0034802078099556,0.24737179469542248,0.0140443089117797,0.9887946311160618,,,1558.1612188858894,-759.0806094429447,0.3460544559891119,4328,122,baseline
gpt_oss,C(subject_cluster)[T.Medical_Health],C(adv_id) + C(subject_cluster) + C(difficulty_level) + prompt_to_prompt_drift + context_to_prompt_drift + cumulative_drift,0.022056470215581752,1.022301512427264,0.23387507248456532,0.0943087691273185,0.9248638842082424,,,1558.1612188858894,-759.0806094429447,0.3460544559891119,4328,122,baseline
gpt_oss,C(subject_cluster)[T.STEM],C(adv_id) + C(subject_cluster) + C(difficulty_level) + prompt_to_prompt_drift + context_to_prompt_drift + cumulative_drift,0.20580571621623087,1.2285145003623947,0.23492719806262446,0.87604039852963,0.38100807215853794,,,1558.1612188858894,-759.0806094429447,0.3460544559891119,4328,122,baseline
gpt_oss,C(subject_cluster)[T.Social_Sciences],C(adv_id) + C(subject_cluster) + C(difficulty_level) + prompt_to_prompt_drift + context_to_prompt_drift + cumulative_drift,0.15113416186702935,1.1631526983519103,0.24495025336001008,0.6169994102635336,0.5372351147064129,,,1558.1612188858894,-759.0806094429447,0.3460544559891119,4328,122,baseline
gpt_oss,C(difficulty_level)[T.elementary],C(adv_id) + C(subject_cluster) + C(difficulty_level) + prompt_to_prompt_drift + context_to_prompt_drift + cumulative_drift,-0.24367948778237636,0.7837387918693914,0.19646671330355803,-1.2403092803098432,0.21486102116473332,,,1558.1612188858894,-759.0806094429447,0.3460544559891119,4328,122,baseline
gpt_oss,C(difficulty_level)[T.high_school],C(adv_id) + C(subject_cluster) + C(difficulty_level) + prompt_to_prompt_drift + context_to_prompt_drift + cumulative_drift,-0.13330894269159238,0.8751946653421574,0.20598628900114813,-0.6471738645228438,0.5175194242289864,,,1558.1612188858894,-759.0806094429447,0.3460544559891119,4328,122,baseline
gpt_oss,C(difficulty_level)[T.professional],C(adv_id) + C(subject_cluster) + C(difficulty_level) + prompt_to_prompt_drift + context_to_prompt_drift + cumulative_drift,-0.19724016199864794,0.8209934382092234,0.1885376921683663,-1.046157719075665,0.29548822018414567,,,1558.1612188858894,-759.0806094429447,0.3460544559891119,4328,122,baseline
gpt_oss,prompt_to_prompt_drift,C(adv_id) + C(subject_cluster) + C(difficulty_level) + prompt_to_prompt_drift + context_to_prompt_drift + cumulative_drift,-5.939052862405319,0.002634523726175718,5.223555276184891,-1.1369752110181561,0.25554864861864546,,,1558.1612188858894,-759.0806094429447,0.3460544559891119,4328,122,baseline
gpt_oss,context_to_prompt_drift,C(adv_id) + C(subject_cluster) + C(difficulty_level) + prompt_to_prompt_drift + context_to_prompt_drift + cumulative_drift,-1.0968959704341807,0.33390593065035695,0.994162846571422,-1.1033363137810424,0.2698811422824511,,,1558.1612188858894,-759.0806094429447,0.3460544559891119,4328,122,baseline
gpt_oss,cumulative_drift,C(adv_id) + C(subject_cluster) + C(difficulty_level) + prompt_to_prompt_drift + context_to_prompt_drift + cumulative_drift,-0.19537156191296529,0.8225289808289413,2.8365106871537833,-0.06887742845383225,0.9450871853263839,,,1558.1612188858894,-759.0806094429447,0.3460544559891119,4328,122,baseline
llama_33,C(adv_id)[T.p1],C(adv_id) + C(subject_cluster) + C(difficulty_level) + prompt_to_prompt_drift + context_to_prompt_drift + cumulative_drift,-0.19535214817167632,0.8225449493487816,0.24503300106258927,-0.7972483188979803,0.42530682875954273,,,4582.8779020843995,-2271.4389510421997,0.37117018851951944,3656,377,baseline
llama_33,C(adv_id)[T.p2],C(adv_id) + C(subject_cluster) + C(difficulty_level) + prompt_to_prompt_drift + context_to_prompt_drift + cumulative_drift,0.14033598572147432,1.1506603393618382,0.23467967307427612,0.5979895228380431,0.5498469239695625,,,4582.8779020843995,-2271.4389510421997,0.37117018851951944,3656,377,baseline
llama_33,C(adv_id)[T.p3],C(adv_id) + C(subject_cluster) + C(difficulty_level) + prompt_to_prompt_drift + context_to_prompt_drift + cumulative_drift,0.20678892076125877,1.2297229753945038,0.23155017846196424,0.893063102498222,0.37182338092843925,,,4582.8779020843995,-2271.4389510421997,0.37117018851951944,3656,377,baseline
llama_33,C(adv_id)[T.p4],C(adv_id) + C(subject_cluster) + C(difficulty_level) + prompt_to_prompt_drift + context_to_prompt_drift + cumulative_drift,-0.12081166513647522,0.8862008463925418,0.24189681562743603,-0.4994347065839287,0.6174731741109714,,,4582.8779020843995,-2271.4389510421997,0.37117018851951944,3656,377,baseline
llama_33,C(adv_id)[T.p5],C(adv_id) + C(subject_cluster) + C(difficulty_level) + prompt_to_prompt_drift + context_to_prompt_drift + cumulative_drift,-0.2626733963061105,0.7689930122597725,0.24766300588760548,-1.0606081249991652,0.2888680285548345,,,4582.8779020843995,-2271.4389510421997,0.37117018851951944,3656,377,baseline
llama_33,C(adv_id)[T.p6],C(adv_id) + C(subject_cluster) + C(difficulty_level) + prompt_to_prompt_drift + context_to_prompt_drift + cumulative_drift,-0.12879175289793268,0.8791570283871922,0.24313269629570083,-0.5297179476893336,0.5963075022682357,,,4582.8779020843995,-2271.4389510421997,0.37117018851951944,3656,377,baseline
llama_33,C(adv_id)[T.p7],C(adv_id) + C(subject_cluster) + C(difficulty_level) + prompt_to_prompt_drift + context_to_prompt_drift + cumulative_drift,0.15736200757519755,1.1704192378490064,0.23279927168749692,0.6759557555078428,0.4990687365417589,,,4582.8779020843995,-2271.4389510421997,0.37117018851951944,3656,377,baseline
llama_33,C(adv_id)[T.p8],C(adv_id) + C(subject_cluster) + C(difficulty_level) + prompt_to_prompt_drift + context_to_prompt_drift + cumulative_drift,0.2066810054078099,1.2295902765652194,0.2315033976730849,0.8927774170281177,0.37197638228722185,,,4582.8779020843995,-2271.4389510421997,0.37117018851951944,3656,377,baseline
llama_33,C(subject_cluster)[T.General_Knowledge],C(adv_id) + C(subject_cluster) + C(difficulty_level) + prompt_to_prompt_drift + context_to_prompt_drift + cumulative_drift,0.07756339944567946,1.0806507429448493,0.1633743950503236,0.47475860229987626,0.63495904291786,,,4582.8779020843995,-2271.4389510421997,0.37117018851951944,3656,377,baseline
llama_33,C(subject_cluster)[T.Humanities],C(adv_id) + C(subject_cluster) + C(difficulty_level) + prompt_to_prompt_drift + context_to_prompt_drift + cumulative_drift,0.04250704349523534,1.0434234056955822,0.1739352653114242,0.24438427376488697,0.8069332203149882,,,4582.8779020843995,-2271.4389510421997,0.37117018851951944,3656,377,baseline
llama_33,C(subject_cluster)[T.Law_Legal],C(adv_id) + C(subject_cluster) + C(difficulty_level) + prompt_to_prompt_drift + context_to_prompt_drift + cumulative_drift,0.003563221862416984,1.003569577684263,0.16641631573234522,0.02141149349891793,0.9829174051819012,,,4582.8779020843995,-2271.4389510421997,0.37117018851951944,3656,377,baseline
llama_33,C(subject_cluster)[T.Medical_Health],C(adv_id) + C(subject_cluster) + C(difficulty_level) + prompt_to_prompt_drift + context_to_prompt_drift + cumulative_drift,0.09380514506474974,1.098345706982963,0.16394164400885672,0.572186192421506,0.567195840751437,,,4582.8779020843995,-2271.4389510421997,0.37117018851951944,3656,377,baseline
llama_33,C(subject_cluster)[T.STEM],C(adv_id) + C(subject_cluster) + C(difficulty_level) + prompt_to_prompt_drift + context_to_prompt_drift + cumulative_drift,0.017235205069625822,1.017384588198768,0.1674982043180847,0.10289784979960495,0.9180440442548726,,,4582.8779020843995,-2271.4389510421997,0.37117018851951944,3656,377,baseline
llama_33,C(subject_cluster)[T.Social_Sciences],C(adv_id) + C(subject_cluster) + C(difficulty_level) + prompt_to_prompt_drift + context_to_prompt_drift + cumulative_drift,-0.03626041340700837,0.96438912092353,0.18203426294871156,-0.19919554055175206,0.8421097876493611,,,4582.8779020843995,-2271.4389510421997,0.37117018851951944,3656,377,baseline
llama_33,C(difficulty_level)[T.elementary],C(adv_id) + C(subject_cluster) + C(difficulty_level) + prompt_to_prompt_drift + context_to_prompt_drift + cumulative_drift,0.04968790729924984,1.0509430535328865,0.13310529757930123,0.37329774398834026,0.7089268553351391,,,4582.8779020843995,-2271.4389510421997,0.37117018851951944,3656,377,baseline
llama_33,C(difficulty_level)[T.high_school],C(adv_id) + C(subject_cluster) + C(difficulty_level) + prompt_to_prompt_drift + context_to_prompt_drift + cumulative_drift,0.015317295667905618,1.0154352066979968,0.14056166448450116,0.10897207089913594,0.913224642581058,,,4582.8779020843995,-2271.4389510421997,0.37117018851951944,3656,377,baseline
llama_33,C(difficulty_level)[T.professional],C(adv_id) + C(subject_cluster) + C(difficulty_level) + prompt_to_prompt_drift + context_to_prompt_drift + cumulative_drift,0.09588013055716996,1.1006271245262012,0.1293052163532823,0.7415024177772557,0.45838886635071785,,,4582.8779020843995,-2271.4389510421997,0.37117018851951944,3656,377,baseline
llama_33,prompt_to_prompt_drift,C(adv_id) + C(subject_cluster) + C(difficulty_level) + prompt_to_prompt_drift + context_to_prompt_drift + cumulative_drift,2.3911106796395716,10.92562207254757,5.219505219045287,0.4581106023066562,0.646872982180666,,,4582.8779020843995,-2271.4389510421997,0.37117018851951944,3656,377,baseline
llama_33,context_to_prompt_drift,C(adv_id) + C(subject_cluster) + C(difficulty_level) + prompt_to_prompt_drift + context_to_prompt_drift + cumulative_drift,-3.2787640728528054,0.03767479134198972,1.5216200052781939,-2.1547850721464177,0.03117865693504302,,,4582.8779020843995,-2271.4389510421997,0.37117018851951944,3656,377,baseline
llama_33,cumulative_drift,C(adv_id) + C(subject_cluster) + C(difficulty_level) + prompt_to_prompt_drift + context_to_prompt_drift + cumulative_drift,-0.9282851542850804,0.3952308895741162,2.924723784728768,-0.3173924180916002,0.7509458595345185,,,4582.8779020843995,-2271.4389510421997,0.37117018851951944,3656,377,baseline
llama_4_maverick,C(adv_id)[T.p1],C(adv_id) + C(subject_cluster) + C(difficulty_level) + prompt_to_prompt_drift + context_to_prompt_drift + cumulative_drift,-0.08578137958560568,0.9177948579809799,0.28513054303950636,-0.30084949395870303,0.7635292649700962,,,2129.5834982676274,-1044.7917491338137,0.6838465919878489,3448,174,baseline
llama_4_maverick,C(adv_id)[T.p2],C(adv_id) + C(subject_cluster) + C(difficulty_level) + prompt_to_prompt_drift + context_to_prompt_drift + cumulative_drift,-0.2275386887945343,0.7964916056013034,0.2956043971455495,-0.7697405417230616,0.4414538159868394,,,2129.5834982676274,-1044.7917491338137,0.6838465919878489,3448,174,baseline
llama_4_maverick,C(adv_id)[T.p3],C(adv_id) + C(subject_cluster) + C(difficulty_level) + prompt_to_prompt_drift + context_to_prompt_drift + cumulative_drift,-0.02530919088705469,0.9750084017060034,0.2827039634088438,-0.089525419388807,0.9286643529382829,,,2129.5834982676274,-1044.7917491338137,0.6838465919878489,3448,174,baseline
llama_4_maverick,C(adv_id)[T.p4],C(adv_id) + C(subject_cluster) + C(difficulty_level) + prompt_to_prompt_drift + context_to_prompt_drift + cumulative_drift,0.0855898033480487,1.0893593850715586,0.2779410052678658,0.3079423392944898,0.7581262080745974,,,2129.5834982676274,-1044.7917491338137,0.6838465919878489,3448,174,baseline
llama_4_maverick,C(adv_id)[T.p5],C(adv_id) + C(subject_cluster) + C(difficulty_level) + prompt_to_prompt_drift + context_to_prompt_drift + cumulative_drift,0.23415523880702313,1.2638406740983767,0.2719427708638104,0.86104601370076,0.3892127009525007,,,2129.5834982676274,-1044.7917491338137,0.6838465919878489,3448,174,baseline
llama_4_maverick,C(adv_id)[T.p6],C(adv_id) + C(subject_cluster) + C(difficulty_level) + prompt_to_prompt_drift + context_to_prompt_drift + cumulative_drift,-0.1439584919354888,0.8659236901296486,0.29275634581330456,-0.4917348299848415,0.622906812458252,,,2129.5834982676274,-1044.7917491338137,0.6838465919878489,3448,174,baseline
llama_4_maverick,C(adv_id)[T.p7],C(adv_id) + C(subject_cluster) + C(difficulty_level) + prompt_to_prompt_drift + context_to_prompt_drift + cumulative_drift,-0.12993779302274788,0.8781500562820795,0.2889580746168619,-0.44967697544024776,0.6529433756278771,,,2129.5834982676274,-1044.7917491338137,0.6838465919878489,3448,174,baseline
llama_4_maverick,C(adv_id)[T.p8],C(adv_id) + C(subject_cluster) + C(difficulty_level) + prompt_to_prompt_drift + context_to_prompt_drift + cumulative_drift,0.2913248820045275,1.338199270196701,0.2681937328098237,1.0862479109871896,0.2773693255435126,,,2129.5834982676274,-1044.7917491338137,0.6838465919878489,3448,174,baseline
llama_4_maverick,C(subject_cluster)[T.General_Knowledge],C(adv_id) + C(subject_cluster) + C(difficulty_level) + prompt_to_prompt_drift + context_to_prompt_drift + cumulative_drift,-0.02266582602085247,0.9775891140387793,0.2267887476187657,-0.09994246301387917,0.9203900044837581,,,2129.5834982676274,-1044.7917491338137,0.6838465919878489,3448,174,baseline
llama_4_maverick,C(subject_cluster)[T.Humanities],C(adv_id) + C(subject_cluster) + C(difficulty_level) + prompt_to_prompt_drift + context_to_prompt_drift + cumulative_drift,-0.006596526736447329,0.993425182584444,0.22714392168888162,-0.02904117656946406,0.9768317502782187,,,2129.5834982676274,-1044.7917491338137,0.6838465919878489,3448,174,baseline
llama_4_maverick,C(subject_cluster)[T.Law_Legal],C(adv_id) + C(subject_cluster) + C(difficulty_level) + prompt_to_prompt_drift + context_to_prompt_drift + cumulative_drift,-0.08051602948755664,0.9226401140169954,0.2280519352257916,-0.35306005804265,0.7240434161148361,,,2129.5834982676274,-1044.7917491338137,0.6838465919878489,3448,174,baseline
llama_4_maverick,C(subject_cluster)[T.Medical_Health],C(adv_id) + C(subject_cluster) + C(difficulty_level) + prompt_to_prompt_drift + context_to_prompt_drift + cumulative_drift,-0.2085360598363008,0.8117717618179144,0.2263931361207309,-0.9211235968085743,0.35698590181601153,,,2129.5834982676274,-1044.7917491338137,0.6838465919878489,3448,174,baseline
llama_4_maverick,C(subject_cluster)[T.STEM],C(adv_id) + C(subject_cluster) + C(difficulty_level) + prompt_to_prompt_drift + context_to_prompt_drift + cumulative_drift,0.12514914596359666,1.1333174701885544,0.21305550646017837,0.5874016027226593,0.5569340176733263,,,2129.5834982676274,-1044.7917491338137,0.6838465919878489,3448,174,baseline
llama_4_maverick,C(subject_cluster)[T.Social_Sciences],C(adv_id) + C(subject_cluster) + C(difficulty_level) + prompt_to_prompt_drift + context_to_prompt_drift + cumulative_drift,-0.003354882891719452,0.996650738439829,0.22709474088104534,-0.014773054094972529,0.9882132369532799,,,2129.5834982676274,-1044.7917491338137,0.6838465919878489,3448,174,baseline
llama_4_maverick,C(difficulty_level)[T.elementary],C(adv_id) + C(subject_cluster) + C(difficulty_level) + prompt_to_prompt_drift + context_to_prompt_drift + cumulative_drift,-0.14159867765197,0.8679695221644933,0.18042651630406537,-0.7847997098904221,0.432571010245677,,,2129.5834982676274,-1044.7917491338137,0.6838465919878489,3448,174,baseline
llama_4_maverick,C(difficulty_level)[T.high_school],C(adv_id) + C(subject_cluster) + C(difficulty_level) + prompt_to_prompt_drift + context_to_prompt_drift + cumulative_drift,-0.06721649491825019,0.9349927582428564,0.19426158234293095,-0.34601023067748193,0.7293350261300515,,,2129.5834982676274,-1044.7917491338137,0.6838465919878489,3448,174,baseline
llama_4_maverick,C(difficulty_level)[T.professional],C(adv_id) + C(subject_cluster) + C(difficulty_level) + prompt_to_prompt_drift + context_to_prompt_drift + cumulative_drift,0.04134771332506065,1.0422144343949542,0.17180952171741268,0.24066019689565385,0.8098184906145962,,,2129.5834982676274,-1044.7917491338137,0.6838465919878489,3448,174,baseline
llama_4_maverick,prompt_to_prompt_drift,C(adv_id) + C(subject_cluster) + C(difficulty_level) + prompt_to_prompt_drift + context_to_prompt_drift + cumulative_drift,-1.3461571774945678,0.26023839154545114,5.663813460959118,-0.2376768208864364,0.8121317628127092,,,2129.5834982676274,-1044.7917491338137,0.6838465919878489,3448,174,baseline
llama_4_maverick,context_to_prompt_drift,C(adv_id) + C(subject_cluster) + C(difficulty_level) + prompt_to_prompt_drift + context_to_prompt_drift + cumulative_drift,2.7869276389127116,16.231075393004186,1.6334186806143052,1.7061930734529058,0.08797213794691325,,,2129.5834982676274,-1044.7917491338137,0.6838465919878489,3448,174,baseline
llama_4_maverick,cumulative_drift,C(adv_id) + C(subject_cluster) + C(difficulty_level) + prompt_to_prompt_drift + context_to_prompt_drift + cumulative_drift,-0.4707625061061795,0.6245258818836098,3.1251550684186173,-0.15063652708420433,0.8802624457105832,,,2129.5834982676274,-1044.7917491338137,0.6838465919878489,3448,174,baseline
llama_4_scout,C(adv_id)[T.p1],C(adv_id) + C(subject_cluster) + C(difficulty_level) + prompt_to_prompt_drift + context_to_prompt_drift + cumulative_drift,0.09100594108790527,1.0952755123672353,0.230131300893318,0.3954522515391894,0.6925091536207936,,,4739.677129502873,-2349.8385647514365,0.3615369718033405,3872,385,baseline
llama_4_scout,C(adv_id)[T.p2],C(adv_id) + C(subject_cluster) + C(difficulty_level) + prompt_to_prompt_drift + context_to_prompt_drift + cumulative_drift,0.038495381348535154,1.0392459284321698,0.23132706980832535,0.16641105332130796,0.8678334759445621,,,4739.677129502873,-2349.8385647514365,0.3615369718033405,3872,385,baseline
llama_4_scout,C(adv_id)[T.p3],C(adv_id) + C(subject_cluster) + C(difficulty_level) + prompt_to_prompt_drift + context_to_prompt_drift + cumulative_drift,-0.08346562803585948,0.9199227056780813,0.233029096003078,-0.3581768520217622,0.7202109690534078,,,4739.677129502873,-2349.8385647514365,0.3615369718033405,3872,385,baseline
llama_4_scout,C(adv_id)[T.p4],C(adv_id) + C(subject_cluster) + C(difficulty_level) + prompt_to_prompt_drift + context_to_prompt_drift + cumulative_drift,0.09047889621315758,1.0946984051160737,0.22847562277738448,0.39601115914810664,0.6920967959831478,,,4739.677129502873,-2349.8385647514365,0.3615369718033405,3872,385,baseline
llama_4_scout,C(adv_id)[T.p5],C(adv_id) + C(subject_cluster) + C(difficulty_level) + prompt_to_prompt_drift + context_to_prompt_drift + cumulative_drift,0.17542939545252392,1.1917578421575878,0.22769395526347744,0.7704613644640884,0.4410262647407577,,,4739.677129502873,-2349.8385647514365,0.3615369718033405,3872,385,baseline
llama_4_scout,C(adv_id)[T.p6],C(adv_id) + C(subject_cluster) + C(difficulty_level) + prompt_to_prompt_drift + context_to_prompt_drift + cumulative_drift,-0.11672220737612403,0.889832347695645,0.23739666921595706,-0.49167584263763686,0.622948518439141,,,4739.677129502873,-2349.8385647514365,0.3615369718033405,3872,385,baseline
llama_4_scout,C(adv_id)[T.p7],C(adv_id) + C(subject_cluster) + C(difficulty_level) + prompt_to_prompt_drift + context_to_prompt_drift + cumulative_drift,-0.04308098414684965,0.9578338175714621,0.23139162932816829,-0.18618212020863809,0.8523019448183597,,,4739.677129502873,-2349.8385647514365,0.3615369718033405,3872,385,baseline
llama_4_scout,C(adv_id)[T.p8],C(adv_id) + C(subject_cluster) + C(difficulty_level) + prompt_to_prompt_drift + context_to_prompt_drift + cumulative_drift,-0.15049279199092624,0.8602839309194451,0.23715824778053238,-0.6345669754239083,0.5257108724959061,,,4739.677129502873,-2349.8385647514365,0.3615369718033405,3872,385,baseline
llama_4_scout,C(subject_cluster)[T.General_Knowledge],C(adv_id) + C(subject_cluster) + C(difficulty_level) + prompt_to_prompt_drift + context_to_prompt_drift + cumulative_drift,0.04722075201462123,1.048353409664862,0.16147512560157154,0.29243359829386417,0.7699551226386742,,,4739.677129502873,-2349.8385647514365,0.3615369718033405,3872,385,baseline
llama_4_scout,C(subject_cluster)[T.Humanities],C(adv_id) + C(subject_cluster) + C(difficulty_level) + prompt_to_prompt_drift + context_to_prompt_drift + cumulative_drift,0.10677653922409569,1.1126855851122488,0.162679036017066,0.6563632403925371,0.5115904363491157,,,4739.677129502873,-2349.8385647514365,0.3615369718033405,3872,385,baseline
llama_4_scout,C(subject_cluster)[T.Law_Legal],C(adv_id) + C(subject_cluster) + C(difficulty_level) + prompt_to_prompt_drift + context_to_prompt_drift + cumulative_drift,-0.0020509185204426812,0.9979511831758979,0.1652441062931942,-0.01241144732147794,0.9900973520462516,,,4739.677129502873,-2349.8385647514365,0.3615369718033405,3872,385,baseline
llama_4_scout,C(subject_cluster)[T.Medical_Health],C(adv_id) + C(subject_cluster) + C(difficulty_level) + prompt_to_prompt_drift + context_to_prompt_drift + cumulative_drift,-0.08567876511872125,0.9178890418432717,0.162159552308006,-0.5283608883920876,0.5972488782312098,,,4739.677129502873,-2349.8385647514365,0.3615369718033405,3872,385,baseline
llama_4_scout,C(subject_cluster)[T.STEM],C(adv_id) + C(subject_cluster) + C(difficulty_level) + prompt_to_prompt_drift + context_to_prompt_drift + cumulative_drift,0.061550663735345824,1.0634843752548717,0.16640180580163738,0.36989180158728885,0.7114631102861064,,,4739.677129502873,-2349.8385647514365,0.3615369718033405,3872,385,baseline
llama_4_scout,C(subject_cluster)[T.Social_Sciences],C(adv_id) + C(subject_cluster) + C(difficulty_level) + prompt_to_prompt_drift + context_to_prompt_drift + cumulative_drift,-0.04825104280772475,0.9528945397273793,0.1765314093301999,-0.27332837250209535,0.7846008072906997,,,4739.677129502873,-2349.8385647514365,0.3615369718033405,3872,385,baseline
llama_4_scout,C(difficulty_level)[T.elementary],C(adv_id) + C(subject_cluster) + C(difficulty_level) + prompt_to_prompt_drift + context_to_prompt_drift + cumulative_drift,0.05470765870615116,1.0562317893685906,0.12749769613614562,0.4290874295307484,0.6678595999426483,,,4739.677129502873,-2349.8385647514365,0.3615369718033405,3872,385,baseline
llama_4_scout,C(difficulty_level)[T.high_school],C(adv_id) + C(subject_cluster) + C(difficulty_level) + prompt_to_prompt_drift + context_to_prompt_drift + cumulative_drift,0.002762048105531815,1.0027658660747294,0.13843497073351735,0.019951953548274046,0.9840817004402922,,,4739.677129502873,-2349.8385647514365,0.3615369718033405,3872,385,baseline
llama_4_scout,C(difficulty_level)[T.professional],C(adv_id) + C(subject_cluster) + C(difficulty_level) + prompt_to_prompt_drift + context_to_prompt_drift + cumulative_drift,0.0021387780078292637,1.002141066824979,0.12816407751863046,0.01668781182089312,0.9866856705666017,,,4739.677129502873,-2349.8385647514365,0.3615369718033405,3872,385,baseline
llama_4_scout,prompt_to_prompt_drift,C(adv_id) + C(subject_cluster) + C(difficulty_level) + prompt_to_prompt_drift + context_to_prompt_drift + cumulative_drift,0.47805495540444,1.6129341203949807,4.669309281916349,0.10238237104059203,0.9184531760077094,,,4739.677129502873,-2349.8385647514365,0.3615369718033405,3872,385,baseline
llama_4_scout,context_to_prompt_drift,C(adv_id) + C(subject_cluster) + C(difficulty_level) + prompt_to_prompt_drift + context_to_prompt_drift + cumulative_drift,-0.7880869694097695,0.4547138452535,1.3084338954480037,-0.6023131716103479,0.5469656947997068,,,4739.677129502873,-2349.8385647514365,0.3615369718033405,3872,385,baseline
llama_4_scout,cumulative_drift,C(adv_id) + C(subject_cluster) + C(difficulty_level) + prompt_to_prompt_drift + context_to_prompt_drift + cumulative_drift,-1.5483777001744932,0.21259258313187396,2.5139180103998537,-0.6159221159039369,0.5379459243300602,,,4739.677129502873,-2349.8385647514365,0.3615369718033405,3872,385,baseline
mistral_large,C(adv_id)[T.p1],C(adv_id) + C(subject_cluster) + C(difficulty_level) + prompt_to_prompt_drift + context_to_prompt_drift + cumulative_drift,0.07974227777788562,1.0830079164979656,0.2501260302268732,0.3188083931350789,0.7498718133379825,,,3291.761483818334,-1625.880741909167,0.36364935555998845,3640,269,baseline
mistral_large,C(adv_id)[T.p2],C(adv_id) + C(subject_cluster) + C(difficulty_level) + prompt_to_prompt_drift + context_to_prompt_drift + cumulative_drift,-0.010490443952951383,0.9895643888465743,0.254529545571823,-0.041215034307249786,0.9671244682128755,,,3291.761483818334,-1625.880741909167,0.36364935555998845,3640,269,baseline
mistral_large,C(adv_id)[T.p3],C(adv_id) + C(subject_cluster) + C(difficulty_level) + prompt_to_prompt_drift + context_to_prompt_drift + cumulative_drift,-0.1018083399901202,0.903202642908476,0.25762010115331324,-0.39518787367268626,0.6927042412935216,,,3291.761483818334,-1625.880741909167,0.36364935555998845,3640,269,baseline
mistral_large,C(adv_id)[T.p4],C(adv_id) + C(subject_cluster) + C(difficulty_level) + prompt_to_prompt_drift + context_to_prompt_drift + cumulative_drift,0.12304941934241313,1.1309403098929038,0.24784213503230185,0.49648305090002476,0.6195536426210718,,,3291.761483818334,-1625.880741909167,0.36364935555998845,3640,269,baseline
mistral_large,C(adv_id)[T.p5],C(adv_id) + C(subject_cluster) + C(difficulty_level) + prompt_to_prompt_drift + context_to_prompt_drift + cumulative_drift,-0.1126094562330834,0.8934995426617587,0.2574401989770085,-0.43741986170209707,0.6618068825459562,,,3291.761483818334,-1625.880741909167,0.36364935555998845,3640,269,baseline
mistral_large,C(adv_id)[T.p6],C(adv_id) + C(subject_cluster) + C(difficulty_level) + prompt_to_prompt_drift + context_to_prompt_drift + cumulative_drift,-0.11275438844069087,0.8933700551842241,0.25762487530120864,-0.4376688714894523,0.6616263378606357,,,3291.761483818334,-1625.880741909167,0.36364935555998845,3640,269,baseline
mistral_large,C(adv_id)[T.p7],C(adv_id) + C(subject_cluster) + C(difficulty_level) + prompt_to_prompt_drift + context_to_prompt_drift + cumulative_drift,0.2257229166787266,1.2532283684866803,0.24344563701664548,0.9272005012901213,0.3538224426193106,,,3291.761483818334,-1625.880741909167,0.36364935555998845,3640,269,baseline
mistral_large,C(adv_id)[T.p8],C(adv_id) + C(subject_cluster) + C(difficulty_level) + prompt_to_prompt_drift + context_to_prompt_drift + cumulative_drift,-0.09245464125753114,0.9116905631640786,0.25546444471259383,-0.3619080587184872,0.7174207376012331,,,3291.761483818334,-1625.880741909167,0.36364935555998845,3640,269,baseline
mistral_large,C(subject_cluster)[T.General_Knowledge],C(adv_id) + C(subject_cluster) + C(difficulty_level) + prompt_to_prompt_drift + context_to_prompt_drift + cumulative_drift,0.22498928723535008,1.2523093004252002,0.19622473628101553,1.1465898311267981,0.25155118117208664,,,3291.761483818334,-1625.880741909167,0.36364935555998845,3640,269,baseline
mistral_large,C(subject_cluster)[T.Humanities],C(adv_id) + C(subject_cluster) + C(difficulty_level) + prompt_to_prompt_drift + context_to_prompt_drift + cumulative_drift,0.16647992685674845,1.181139826443477,0.1974078288057593,0.843329911806879,0.3990439583732086,,,3291.761483818334,-1625.880741909167,0.36364935555998845,3640,269,baseline
mistral_large,C(subject_cluster)[T.Law_Legal],C(adv_id) + C(subject_cluster) + C(difficulty_level) + prompt_to_prompt_drift + context_to_prompt_drift + cumulative_drift,0.2373003321084099,1.267821828205392,0.18858537310722387,1.258317801632941,0.20827684568312077,,,3291.761483818334,-1625.880741909167,0.36364935555998845,3640,269,baseline
mistral_large,C(subject_cluster)[T.Medical_Health],C(adv_id) + C(subject_cluster) + C(difficulty_level) + prompt_to_prompt_drift + context_to_prompt_drift + cumulative_drift,0.25785284929474883,1.2941483697669287,0.18464253924605423,1.3964975262343782,0.1625647250213288,,,3291.761483818334,-1625.880741909167,0.36364935555998845,3640,269,baseline
mistral_large,C(subject_cluster)[T.STEM],C(adv_id) + C(subject_cluster) + C(difficulty_level) + prompt_to_prompt_drift + context_to_prompt_drift + cumulative_drift,0.34352878309860524,1.4099141035955114,0.19557662803790207,1.756492002878946,0.07900443573729522,,,3291.761483818334,-1625.880741909167,0.36364935555998845,3640,269,baseline
mistral_large,C(subject_cluster)[T.Social_Sciences],C(adv_id) + C(subject_cluster) + C(difficulty_level) + prompt_to_prompt_drift + context_to_prompt_drift + cumulative_drift,0.1551015970966244,1.167776597790293,0.20571391422613053,0.7539674585459949,0.4508687620191558,,,3291.761483818334,-1625.880741909167,0.36364935555998845,3640,269,baseline
mistral_large,C(difficulty_level)[T.elementary],C(adv_id) + C(subject_cluster) + C(difficulty_level) + prompt_to_prompt_drift + context_to_prompt_drift + cumulative_drift,-0.1463434217056379,0.8638609836251597,0.15046056830996563,-0.9726363747620178,0.330734057511312,,,3291.761483818334,-1625.880741909167,0.36364935555998845,3640,269,baseline
mistral_large,C(difficulty_level)[T.high_school],C(adv_id) + C(subject_cluster) + C(difficulty_level) + prompt_to_prompt_drift + context_to_prompt_drift + cumulative_drift,-0.07655043253462601,0.9263061971414384,0.16411076946957345,-0.4664558747853452,0.6408892249047655,,,3291.761483818334,-1625.880741909167,0.36364935555998845,3640,269,baseline
mistral_large,C(difficulty_level)[T.professional],C(adv_id) + C(subject_cluster) + C(difficulty_level) + prompt_to_prompt_drift + context_to_prompt_drift + cumulative_drift,-0.04669730461801841,0.9543762391529267,0.14538141351756897,-0.3212054655967089,0.7480546904850943,,,3291.761483818334,-1625.880741909167,0.36364935555998845,3640,269,baseline
mistral_large,prompt_to_prompt_drift,C(adv_id) + C(subject_cluster) + C(difficulty_level) + prompt_to_prompt_drift + context_to_prompt_drift + cumulative_drift,-0.7284880948720321,0.4826381418287652,5.243553988632731,-0.13893021726319388,0.8895052925906402,,,3291.761483818334,-1625.880741909167,0.36364935555998845,3640,269,baseline
mistral_large,context_to_prompt_drift,C(adv_id) + C(subject_cluster) + C(difficulty_level) + prompt_to_prompt_drift + context_to_prompt_drift + cumulative_drift,-1.9462892307850281,0.14280299858752654,1.5238190242683631,-1.2772443444978692,0.20151599577975718,,,3291.761483818334,-1625.880741909167,0.36364935555998845,3640,269,baseline
mistral_large,cumulative_drift,C(adv_id) + C(subject_cluster) + C(difficulty_level) + prompt_to_prompt_drift + context_to_prompt_drift + cumulative_drift,-1.1885155668025227,0.3046731955585304,3.1030455185032273,-0.3830158338688536,0.7017080239532991,,,3291.761483818334,-1625.880741909167,0.36364935555998845,3640,269,baseline
qwen_3,C(adv_id)[T.p1],C(adv_id) + C(subject_cluster) + C(difficulty_level) + prompt_to_prompt_drift + context_to_prompt_drift + cumulative_drift,0.03669553436290911,1.0373771270633028,0.24158291085736044,0.15189623402035882,0.8792687786451233,,,2611.2032098245245,-1285.6016049122622,0.4430023741890868,4512,205,baseline
qwen_3,C(adv_id)[T.p2],C(adv_id) + C(subject_cluster) + C(difficulty_level) + prompt_to_prompt_drift + context_to_prompt_drift + cumulative_drift,0.21076447372620497,1.23462153500517,0.2353553820970692,0.8955158443722268,0.37051139981253356,,,2611.2032098245245,-1285.6016049122622,0.4430023741890868,4512,205,baseline
qwen_3,C(adv_id)[T.p3],C(adv_id) + C(subject_cluster) + C(difficulty_level) + prompt_to_prompt_drift + context_to_prompt_drift + cumulative_drift,-0.014620360462391374,0.9854859980435003,0.24342389409187104,-0.06006132026165631,0.9521067962800892,,,2611.2032098245245,-1285.6016049122622,0.4430023741890868,4512,205,baseline
qwen_3,C(adv_id)[T.p4],C(adv_id) + C(subject_cluster) + C(difficulty_level) + prompt_to_prompt_drift + context_to_prompt_drift + cumulative_drift,0.05682812457430523,1.0584738691134896,0.24196067891960057,0.23486512282926866,0.8143134203845049,,,2611.2032098245245,-1285.6016049122622,0.4430023741890868,4512,205,baseline
qwen_3,C(adv_id)[T.p5],C(adv_id) + C(subject_cluster) + C(difficulty_level) + prompt_to_prompt_drift + context_to_prompt_drift + cumulative_drift,-0.14847843294275537,0.8620185981744741,0.24849125658049007,-0.5975197477206243,0.5501604265045323,,,2611.2032098245245,-1285.6016049122622,0.4430023741890868,4512,205,baseline
qwen_3,C(adv_id)[T.p6],C(adv_id) + C(subject_cluster) + C(difficulty_level) + prompt_to_prompt_drift + context_to_prompt_drift + cumulative_drift,-0.10552111597785979,0.8998554713179568,0.24884339081849827,-0.4240462872281986,0.6715320566569196,,,2611.2032098245245,-1285.6016049122622,0.4430023741890868,4512,205,baseline
qwen_3,C(adv_id)[T.p7],C(adv_id) + C(subject_cluster) + C(difficulty_level) + prompt_to_prompt_drift + context_to_prompt_drift + cumulative_drift,-0.007222867040432065,0.9928031551743518,0.24344172489570703,-0.02966979897766669,0.9763303982376579,,,2611.2032098245245,-1285.6016049122622,0.4430023741890868,4512,205,baseline
qwen_3,C(adv_id)[T.p8],C(adv_id) + C(subject_cluster) + C(difficulty_level) + prompt_to_prompt_drift + context_to_prompt_drift + cumulative_drift,-0.028156866979204227,0.9722358431388093,0.24335134457492905,-0.115704587654475,0.907886670253683,,,2611.2032098245245,-1285.6016049122622,0.4430023741890868,4512,205,baseline
qwen_3,C(subject_cluster)[T.General_Knowledge],C(adv_id) + C(subject_cluster) + C(difficulty_level) + prompt_to_prompt_drift + context_to_prompt_drift + cumulative_drift,0.21619168970251074,1.2413403083500623,0.19545511986092456,1.1060937664684416,0.2686859365023848,,,2611.2032098245245,-1285.6016049122622,0.4430023741890868,4512,205,baseline
qwen_3,C(subject_cluster)[T.Humanities],C(adv_id) + C(subject_cluster) + C(difficulty_level) + prompt_to_prompt_drift + context_to_prompt_drift + cumulative_drift,0.009639298565492399,1.0096859062386303,0.20920685224401703,0.04607544381122472,0.963250118216328,,,2611.2032098245245,-1285.6016049122622,0.4430023741890868,4512,205,baseline
qwen_3,C(subject_cluster)[T.Law_Legal],C(adv_id) + C(subject_cluster) + C(difficulty_level) + prompt_to_prompt_drift + context_to_prompt_drift + cumulative_drift,0.014728124330206224,1.014837117584702,0.20943205258359157,0.07032411776763597,0.9439356868227452,,,2611.2032098245245,-1285.6016049122622,0.4430023741890868,4512,205,baseline
qwen_3,C(subject_cluster)[T.Medical_Health],C(adv_id) + C(subject_cluster) + C(difficulty_level) + prompt_to_prompt_drift + context_to_prompt_drift + cumulative_drift,0.05193745533891972,1.053309861544832,0.19478805684018569,0.26663572798784024,0.7897496442343994,,,2611.2032098245245,-1285.6016049122622,0.4430023741890868,4512,205,baseline
qwen_3,C(subject_cluster)[T.STEM],C(adv_id) + C(subject_cluster) + C(difficulty_level) + prompt_to_prompt_drift + context_to_prompt_drift + cumulative_drift,0.09902164739249536,1.1040901999740993,0.20029030225819394,0.49439062339047596,0.6210303347815913,,,2611.2032098245245,-1285.6016049122622,0.4430023741890868,4512,205,baseline
qwen_3,C(subject_cluster)[T.Social_Sciences],C(adv_id) + C(subject_cluster) + C(difficulty_level) + prompt_to_prompt_drift + context_to_prompt_drift + cumulative_drift,-0.11520307575821968,0.8911851474299265,0.21665988418529503,-0.5317231484333945,0.594917756882805,,,2611.2032098245245,-1285.6016049122622,0.4430023741890868,4512,205,baseline
qwen_3,C(difficulty_level)[T.elementary],C(adv_id) + C(subject_cluster) + C(difficulty_level) + prompt_to_prompt_drift + context_to_prompt_drift + cumulative_drift,0.04518771049955451,1.0462242287505183,0.158095359517737,0.28582566014206645,0.7750116536910078,,,2611.2032098245245,-1285.6016049122622,0.4430023741890868,4512,205,baseline
qwen_3,C(difficulty_level)[T.high_school],C(adv_id) + C(subject_cluster) + C(difficulty_level) + prompt_to_prompt_drift + context_to_prompt_drift + cumulative_drift,-0.23381639989062292,0.7915071233503632,0.17802871004357881,-1.313363444769038,0.18906050918191095,,,2611.2032098245245,-1285.6016049122622,0.4430023741890868,4512,205,baseline
qwen_3,C(difficulty_level)[T.professional],C(adv_id) + C(subject_cluster) + C(difficulty_level) + prompt_to_prompt_drift + context_to_prompt_drift + cumulative_drift,-0.027486969959158707,0.9728873592328897,0.15979000619979022,-0.17201933095109168,0.8634223316269299,,,2611.2032098245245,-1285.6016049122622,0.4430023741890868,4512,205,baseline
qwen_3,prompt_to_prompt_drift,C(adv_id) + C(subject_cluster) + C(difficulty_level) + prompt_to_prompt_drift + context_to_prompt_drift + cumulative_drift,-5.856361377017613,0.002861637181015648,5.798693546636294,-1.009944969486234,0.31252165601516974,,,2611.2032098245245,-1285.6016049122622,0.4430023741890868,4512,205,baseline
qwen_3,context_to_prompt_drift,C(adv_id) + C(subject_cluster) + C(difficulty_level) + prompt_to_prompt_drift + context_to_prompt_drift + cumulative_drift,-0.6070644942116713,0.5449482220681826,0.9887937639730818,-0.6139445011995419,0.5392520019765633,,,2611.2032098245245,-1285.6016049122622,0.4430023741890868,4512,205,baseline
qwen_3,cumulative_drift,C(adv_id) + C(subject_cluster) + C(difficulty_level) + prompt_to_prompt_drift + context_to_prompt_drift + cumulative_drift,-2.234342777234461,0.10706247062883507,3.037732134061228,-0.7355298882944319,0.46201684429954126,,,2611.2032098245245,-1285.6016049122622,0.4430023741890868,4512,205,baseline
qwen_max,C(adv_id)[T.p1],C(adv_id) + C(subject_cluster) + C(difficulty_level) + prompt_to_prompt_drift + context_to_prompt_drift + cumulative_drift,-0.031002790940108698,0.9694728673315405,0.24610358238351593,-0.12597456176722957,0.8997520609029119,,,3142.0857500623774,-1551.0428750311887,0.48376642014523397,4072,252,baseline
qwen_max,C(adv_id)[T.p2],C(adv_id) + C(subject_cluster) + C(difficulty_level) + prompt_to_prompt_drift + context_to_prompt_drift + cumulative_drift,0.06873515737195711,1.0711524847397524,0.2438990646066324,0.2818180442094569,0.7780830342197871,,,3142.0857500623774,-1551.0428750311887,0.48376642014523397,4072,252,baseline
qwen_max,C(adv_id)[T.p3],C(adv_id) + C(subject_cluster) + C(difficulty_level) + prompt_to_prompt_drift + context_to_prompt_drift + cumulative_drift,-0.01902966961342042,0.9811502514622871,0.24613763151526777,-0.07731312557234883,0.9383744494645349,,,3142.0857500623774,-1551.0428750311887,0.48376642014523397,4072,252,baseline
qwen_max,C(adv_id)[T.p4],C(adv_id) + C(subject_cluster) + C(difficulty_level) + prompt_to_prompt_drift + context_to_prompt_drift + cumulative_drift,0.09563378230800099,1.100356020355476,0.24380692364048234,0.3922521185207297,0.6948719383471746,,,3142.0857500623774,-1551.0428750311887,0.48376642014523397,4072,252,baseline
qwen_max,C(adv_id)[T.p5],C(adv_id) + C(subject_cluster) + C(difficulty_level) + prompt_to_prompt_drift + context_to_prompt_drift + cumulative_drift,-0.043177067106119425,0.9577417904849694,0.24633140105348983,-0.1752804024231718,0.8608593099799408,,,3142.0857500623774,-1551.0428750311887,0.48376642014523397,4072,252,baseline
qwen_max,C(adv_id)[T.p6],C(adv_id) + C(subject_cluster) + C(difficulty_level) + prompt_to_prompt_drift + context_to_prompt_drift + cumulative_drift,-0.07480977970791199,0.9279199787511929,0.24949996271178235,-0.29983884123594373,0.76430008657118,,,3142.0857500623774,-1551.0428750311887,0.48376642014523397,4072,252,baseline
qwen_max,C(adv_id)[T.p7],C(adv_id) + C(subject_cluster) + C(difficulty_level) + prompt_to_prompt_drift + context_to_prompt_drift + cumulative_drift,-0.011535564361352483,0.9885307151591851,0.24614879586546334,-0.04686419172108172,0.9626214675874407,,,3142.0857500623774,-1551.0428750311887,0.48376642014523397,4072,252,baseline
qwen_max,C(adv_id)[T.p8],C(adv_id) + C(subject_cluster) + C(difficulty_level) + prompt_to_prompt_drift + context_to_prompt_drift + cumulative_drift,0.01597322957674926,1.0161014835752131,0.24326815350706335,0.06566099732526426,0.9476477249953575,,,3142.0857500623774,-1551.0428750311887,0.48376642014523397,4072,252,baseline
qwen_max,C(subject_cluster)[T.General_Knowledge],C(adv_id) + C(subject_cluster) + C(difficulty_level) + prompt_to_prompt_drift + context_to_prompt_drift + cumulative_drift,-0.19680264626901772,0.8213527143411117,0.19716756720002387,-0.9981491837821586,0.3182070234205225,,,3142.0857500623774,-1551.0428750311887,0.48376642014523397,4072,252,baseline
qwen_max,C(subject_cluster)[T.Humanities],C(adv_id) + C(subject_cluster) + C(difficulty_level) + prompt_to_prompt_drift + context_to_prompt_drift + cumulative_drift,0.09823794176031177,1.103225257240457,0.18778203048972114,0.5231487885401748,0.600870716008846,,,3142.0857500623774,-1551.0428750311887,0.48376642014523397,4072,252,baseline
qwen_max,C(subject_cluster)[T.Law_Legal],C(adv_id) + C(subject_cluster) + C(difficulty_level) + prompt_to_prompt_drift + context_to_prompt_drift + cumulative_drift,-0.07024123567424445,0.9321689203821266,0.18891690660700347,-0.37181021506118866,0.710034157571307,,,3142.0857500623774,-1551.0428750311887,0.48376642014523397,4072,252,baseline
qwen_max,C(subject_cluster)[T.Medical_Health],C(adv_id) + C(subject_cluster) + C(difficulty_level) + prompt_to_prompt_drift + context_to_prompt_drift + cumulative_drift,-0.13499922917097013,0.8737165851738826,0.19077626745328002,-0.707631148114535,0.47917434460027664,,,3142.0857500623774,-1551.0428750311887,0.48376642014523397,4072,252,baseline
qwen_max,C(subject_cluster)[T.STEM],C(adv_id) + C(subject_cluster) + C(difficulty_level) + prompt_to_prompt_drift + context_to_prompt_drift + cumulative_drift,-0.01086220911781377,0.9891965716534589,0.19754963746906984,-0.05498470792949168,0.9561506466659095,,,3142.0857500623774,-1551.0428750311887,0.48376642014523397,4072,252,baseline
qwen_max,C(subject_cluster)[T.Social_Sciences],C(adv_id) + C(subject_cluster) + C(difficulty_level) + prompt_to_prompt_drift + context_to_prompt_drift + cumulative_drift,0.0981529831525508,1.1031315327399631,0.19136605495020428,0.512906968678909,0.6080163985415941,,,3142.0857500623774,-1551.0428750311887,0.48376642014523397,4072,252,baseline
qwen_max,C(difficulty_level)[T.elementary],C(adv_id) + C(subject_cluster) + C(difficulty_level) + prompt_to_prompt_drift + context_to_prompt_drift + cumulative_drift,-0.20223778070814644,0.8169006616289538,0.15335621327145332,-1.3187452688999868,0.18725428718343073,,,3142.0857500623774,-1551.0428750311887,0.48376642014523397,4072,252,baseline
qwen_max,C(difficulty_level)[T.high_school],C(adv_id) + C(subject_cluster) + C(difficulty_level) + prompt_to_prompt_drift + context_to_prompt_drift + cumulative_drift,0.05942513318323245,1.0612263073698514,0.15854700587089746,0.37481081939586725,0.7078011671871102,,,3142.0857500623774,-1551.0428750311887,0.48376642014523397,4072,252,baseline
qwen_max,C(difficulty_level)[T.professional],C(adv_id) + C(subject_cluster) + C(difficulty_level) + prompt_to_prompt_drift + context_to_prompt_drift + cumulative_drift,-0.00426205598894588,0.9957470136819571,0.14992710053838648,-0.028427522266760888,0.977321173473356,,,3142.0857500623774,-1551.0428750311887,0.48376642014523397,4072,252,baseline
qwen_max,prompt_to_prompt_drift,C(adv_id) + C(subject_cluster) + C(difficulty_level) + prompt_to_prompt_drift + context_to_prompt_drift + cumulative_drift,-4.562662391960394,0.010434241888190133,5.580882564476387,-0.8175521235660466,0.413612974815168,,,3142.0857500623774,-1551.0428750311887,0.48376642014523397,4072,252,baseline
qwen_max,context_to_prompt_drift,C(adv_id) + C(subject_cluster) + C(difficulty_level) + prompt_to_prompt_drift + context_to_prompt_drift + cumulative_drift,0.009147805001602883,1.009189774047041,1.7903222974826685,0.005109585583816615,0.995923158290185,,,3142.0857500623774,-1551.0428750311887,0.48376642014523397,4072,252,baseline
qwen_max,cumulative_drift,C(adv_id) + C(subject_cluster) + C(difficulty_level) + prompt_to_prompt_drift + context_to_prompt_drift + cumulative_drift,-0.5072254177739853,0.6021640167107627,3.203160970336646,-0.15835152290853396,0.8741798108386329,,,3142.0857500623774,-1551.0428750311887,0.48376642014523397,4072,252,baseline
